ID,Source,Requirement,Design decision,MVP proof,Production gap
R01,CTRI FAQ; NDCT Rule 25(v),Prospective registration before enrolment,Require registry identifier and registration date before enrolment,API rejects unregistered study,Verify identifier against official record; no CTRI API integration claimed
R02,GCP-ASU; ICMR 2017; NDCT Rule 25(i),Ethics approval and protocol adherence,Require active study and valid IEC approval for enrolment,Expired approval blocked; independent file review and approved amendments tested,Authenticate IEC evidence; institution-approved protocol configuration and SOP validation
R03,ICMR 2017 section 5,Document informed consent,Store consent version language timestamp and recorder; require consent before enrolment,Enrolment validation; withdrawal; amendment-triggered reconsent with preserved history,Actual consent process and validated participant signature; study-specific exceptions
R04,NDCT Rule 42(1); Third Schedule investigator responsibilities,Initial SAE reporting within 24 hours of occurrence where applicable,Store occurrence separately from awareness and server receipt; calculate initial due date,Occurrence countdown plus recipient obligations and recorded dispatch/receipt timestamps,Independent delivery evidence; complete recipient applicability and delay review SOP
R05,NDCT Rule 25(x); Rule 42,Analysed SAE reports and actor-specific deadlines,Show 14-day investigator analysis timer from occurrence for applicable studies,Distinct initial and analysis deadlines,Death/injury branches and EC/sponsor compensation processes need separate rule versions
R06,GCP-ASU; ICMR 2017,Study-specific safety oversight,For non-NDCT studies label configured protocol deadlines explicitly,Internal SOP timing never labelled universal law,IEC-approved study SOP and escalation roster
R07,MHRA GxP data integrity 2018,Attributable contemporaneous complete changes,Transactional before/after event journal with server timestamp actor and reason,Hash-chain verification plus update/delete triggers,Independent immutable retention and signed checkpoints
R08,SIH26046; least-privilege design,Role-specific access,Server sessions permissions and study scopes,Named accounts; managed scopes; password reset; session revocation; denied unauthorised actions,Institutional identity verification; SSO/MFA; periodic access reviews
R09,HL7 FHIR R4,Structured research exchange,Export ResearchStudy ResearchSubject Patient and Consent in collection Bundle,Local references pass; official base-R4 validator reports zero errors with consent-policy warnings and disabled terminology checks,Resolve policy/terminology findings and trading-partner profiles; see FHIR_VALIDATION.md
R10,NRCeS ABDM IG 6.5.0,ABDM clinical document exchange,Keep core FHIR research export separate from ABDM interface,Core research exports kept separate; onboarding architecture documented,Composition DocumentBundle; HIP/HIU consent; profile and sandbox acceptance
R11,CDISC CDASH SDTM ADaM Define-XML,Traceable research data standards,Export DM and AE mapping-preview CSV with versioned field specification,Actual CSV download; no submission-ready claim,Controlled terminology XPT full domains SAP-derived ADaM validated Define-XML
R12,MeitY DPDP Act and final Rules 2025,Privacy and phased obligations,Minimise direct identifiers and document notice/withdrawal/retention design,Synthetic IDs and withdrawal workflow,Determine applicability commencement processor terms grievances and retention duties
R13,CERT-In directions 28 April 2022 clauses ii and iv,Specified incidents within 6 hours; ICT logs 180 days in India,India-region operational deployment and incident runbook,WSGI/HTTPS configuration and verified recovery tools; no security audit claimed,Operational incident response; clock sync; protected retained logs; security assessment and exercises
R14,ISO IEC 27001 2022,Scoped information security management,Require assessed operational controls and scoped supplier assurance,No certification claimed,ISMS risk assessment evidence and independent certification if required
R15,MedDRA MSSO and UMC terms,Licensed versioned terminology,Retain verbatim narrative; versioned supplied dictionaries; lexical suggestions and named approval,Fictional terms exercise package import and coding history; no licensed terms bundled,Verified use rights; approved dictionary hierarchy; clinical coding validation; medication workflow
R16,SIH26046 Ayurveda context,Ayurveda-specific study context,Capture Prakriti formulation and batch reference,Synthetic fields visible in study and participant screens,Validated assessment instrument batch COA procedure and adherence CRFs
